,int_rate,year
40,6.813424288,2000
41,4.565847929,2001
42,3.068642849,2002
43,2.107310811,2003
44,1.612310954,2004
45,2.96050633,2005
46,4.726089653,2006
47,5.206759376,2007
48,3.109920825,2008
49,2.592428971,2009
50,2.023885488,2010
51,1.148425191,2011
52,1.3540752,2012
53,1.473254279,2013
54,1.354775792,2014
55,2.237075495,2015
56,2.484530342,2016
57,2.157869861,2017
58,2.456470428,2018
59,3.432388822,2019
60,2.311078066,2020
61,-0.869249215,2021
